{"cameraMode":{"drawMode":0,"name":"Shaded","section":"Shading Mode"},"sceneLighting":false,"audioPlay":false,"sceneViewState":{"m_AlwaysRefresh":false,"showFog":true,"showSkybox":false,"showFlares":true,"showImageEffects":true,"showParticleSystems":true,"showVisualEffectGraphs":true,"m_FxEnabled":true},"in2DMode":false,"pivot":{"x":22.28616714477539,"y":0.5090980529785156,"z":-12.555057525634766},"rotation":{"x":0.20520880818367005,"y":-0.21240493655204774,"z":0.04567496478557587,"w":0.9543067216873169},"size":2.1030189990997316,"orthographic":false}