{"cameraMode":{"drawMode":0,"name":"Shaded","section":"Shading Mode"},"sceneLighting":false,"audioPlay":false,"sceneViewState":{"m_AlwaysRefresh":false,"showFog":true,"showSkybox":false,"showFlares":true,"showImageEffects":true,"showParticleSystems":true,"showVisualEffectGraphs":true,"m_FxEnabled":true},"in2DMode":false,"pivot":{"x":1.1979998350143433,"y":1.5800000429153443,"z":-19.439075469970704},"rotation":{"x":0.10708601027727127,"y":-0.6911290884017944,"z":0.10467164218425751,"w":0.7070587277412415},"size":1.2247447967529297,"orthographic":false}